{
  "Q1": {
    "0": {
      "cos": {
        "sp": 0.30173788265306123,
        "top1": 0.3975142045454545
      },
      "l2": {
        "sp": 0.3117001488095238,
        "top1": 0.4162743506493507
      },
      "l1": {
        "sp": 0.3127804673005566,
        "top1": 0.4183035714285714
      }
    },
    "1": {
      "cos": {
        "sp": 0.2876410791589363,
        "top1": 0.39255275974025977
      },
      "l2": {
        "sp": 0.31563876971243043,
        "top1": 0.4123376623376622
      },
      "l1": {
        "sp": 0.3156750057977737,
        "top1": 0.41431615259740256
      }
    },
    "2": {
      "cos": {
        "sp": 0.3089128691249227,
        "top1": 0.3849431818181818
      },
      "l2": {
        "sp": 0.3214189084724799,
        "top1": 0.4070211038961039
      },
      "l1": {
        "sp": 0.3232183924706246,
        "top1": 0.408989448051948
      }
    },
    "3": {
      "cos": {
        "sp": 0.3504461869975262,
        "top1": 0.3913961038961039
      },
      "l2": {
        "sp": 0.36787187886518236,
        "top1": 0.42971793831168836
      },
      "l1": {
        "sp": 0.36598881029684593,
        "top1": 0.42677556818181817
      }
    },
    "4": {
      "cos": {
        "sp": 0.33437403370439084,
        "top1": 0.3981939935064935
      },
      "l2": {
        "sp": 0.3517180735930736,
        "top1": 0.4325284090909091
      },
      "l1": {
        "sp": 0.3505519963667285,
        "top1": 0.4316558441558442
      }
    },
    "5": {
      "cos": {
        "sp": 0.30256092493815706,
        "top1": 0.39793019480519476
      },
      "l2": {
        "sp": 0.3172737418831169,
        "top1": 0.4158279220779221
      },
      "l1": {
        "sp": 0.31512445887445895,
        "top1": 0.4141943993506494
      }
    },
    "6": {
      "cos": {
        "sp": 0.3369975262832406,
        "top1": 0.39121347402597395
      },
      "l2": {
        "sp": 0.349468537414966,
        "top1": 0.42079951298701296
      },
      "l1": {
        "sp": 0.35022369743351894,
        "top1": 0.42074878246753245
      }
    },
    "7": {
      "cos": {
        "sp": 0.28671536796536795,
        "top1": 0.4016233766233766
      },
      "l2": {
        "sp": 0.30317693838899196,
        "top1": 0.4217228084415584
      },
      "l1": {
        "sp": 0.3042746502009894,
        "top1": 0.42354910714285715
      }
    },
    "8": {
      "cos": {
        "sp": 0.367603248685838,
        "top1": 0.39145698051948047
      },
      "l2": {
        "sp": 0.38099417323747686,
        "top1": 0.4318181818181817
      },
      "l1": {
        "sp": 0.38097629676870753,
        "top1": 0.4328023538961039
      }
    },
    "9": {
      "cos": {
        "sp": 0.30339024814471244,
        "top1": 0.3814123376623376
      },
      "l2": {
        "sp": 0.3190290178571429,
        "top1": 0.41129261363636366
      },
      "l1": {
        "sp": 0.3200815553494125,
        "top1": 0.4122767857142858
      }
    },
    "10": {
      "cos": {
        "sp": 0.2767132421150278,
        "top1": 0.39527191558441555
      },
      "l2": {
        "sp": 0.28920478702844776,
        "top1": 0.41945008116883115
      },
      "l1": {
        "sp": 0.2917490433673469,
        "top1": 0.42282873376623376
      }
    },
    "11": {
      "cos": {
        "sp": 0.3214846165739023,
        "top1": 0.39755478896103896
      },
      "l2": {
        "sp": 0.34117506377551027,
        "top1": 0.4335024350649351
      },
      "l1": {
        "sp": 0.3408259894867038,
        "top1": 0.4318993506493507
      }
    }
  },
  "Q2": {
    "0": {
      "taylor": 0.013360502707634225,
      "online": 0.02472056454015359,
      "all": 0.0159189339660486
    },
    "1": {
      "taylor": 0.027468435227497423,
      "online": 0.03428980593325548,
      "all": 0.027637299874633925
    },
    "2": {
      "taylor": 0.020593077336343413,
      "online": 0.022354933100878327,
      "all": 0.01978612188304396
    },
    "3": {
      "taylor": 0.029261085036765166,
      "online": 0.03162657961451032,
      "all": 0.028074445660955405
    },
    "4": {
      "taylor": 0.02001428800109295,
      "online": 0.026746046439498627,
      "all": 0.018829334032574252
    },
    "5": {
      "taylor": 0.021581107070915095,
      "online": 0.019055063138317507,
      "all": 0.022691084618585933
    },
    "6": {
      "taylor": 0.025275151266377804,
      "online": 0.029240344774969174,
      "all": 0.022805653539563764
    },
    "7": {
      "taylor": 0.018806964357750644,
      "online": 0.02045299045785498,
      "all": 0.018705987630816878
    },
    "8": {
      "taylor": 0.028312073295687412,
      "online": 0.030212542500699158,
      "all": 0.025942125853951836
    },
    "9": {
      "taylor": 0.023085863767846604,
      "online": 0.02855583807444617,
      "all": 0.025456730438463637
    },
    "10": {
      "taylor": 0.008557317177611878,
      "online": 0.014282544301636335,
      "all": 0.008866641086932248
    },
    "11": {
      "taylor": 0.015879602732141507,
      "online": 0.017165261058224246,
      "all": 0.013179065687765501
    }
  },
  "Q3": {
    "0": {
      "naive_bestfixed": 0.014189299871347316,
      "best_fixed_idx": 3,
      "probe_cos": 0.01735603882055159,
      "probe_l2": 0.0159189339660486,
      "oracle": 0.0103928168405929,
      "random": 0.023686750172259963
    },
    "1": {
      "naive_bestfixed": 0.023446944216765075,
      "best_fixed_idx": 3,
      "probe_cos": 0.027638144858656233,
      "probe_l2": 0.027637299874633925,
      "oracle": 0.013047026894817293,
      "random": 0.03557503698302611
    },
    "2": {
      "naive_bestfixed": 0.013117997697612793,
      "best_fixed_idx": 3,
      "probe_cos": 0.0197113326772822,
      "probe_l2": 0.01978612188304396,
      "oracle": 0.011117371118942287,
      "random": 0.02765648516966479
    },
    "3": {
      "naive_bestfixed": 0.020833382653883348,
      "best_fixed_idx": 3,
      "probe_cos": 0.02934833320420438,
      "probe_l2": 0.028074445660955405,
      "oracle": 0.015221748424593784,
      "random": 0.03781158324327549
    },
    "4": {
      "naive_bestfixed": 0.01879772105159816,
      "best_fixed_idx": 3,
      "probe_cos": 0.018950283167399107,
      "probe_l2": 0.018829334032574252,
      "oracle": 0.011239660791950712,
      "random": 0.029979105302601283
    },
    "5": {
      "naive_bestfixed": 0.011988297346533727,
      "best_fixed_idx": 3,
      "probe_cos": 0.02224256831193827,
      "probe_l2": 0.022691084618585933,
      "oracle": 0.012133190308468045,
      "random": 0.024380833575214922
    },
    "6": {
      "naive_bestfixed": 0.02261053550964931,
      "best_fixed_idx": 3,
      "probe_cos": 0.023199257277063623,
      "probe_l2": 0.022805653539563764,
      "oracle": 0.011445153706041822,
      "random": 0.0364779574876124
    },
    "7": {
      "naive_bestfixed": 0.01219669712926219,
      "best_fixed_idx": 3,
      "probe_cos": 0.019755072746896474,
      "probe_l2": 0.018705987630816878,
      "oracle": 0.0073178497262702535,
      "random": 0.02076663348800878
    },
    "8": {
      "naive_bestfixed": 0.0222507314877447,
      "best_fixed_idx": 3,
      "probe_cos": 0.022607473559745017,
      "probe_l2": 0.025942125853951836,
      "oracle": 0.013077782588901243,
      "random": 0.03251098197662117
    },
    "9": {
      "naive_bestfixed": 0.017071260192345505,
      "best_fixed_idx": 3,
      "probe_cos": 0.02366248802042037,
      "probe_l2": 0.025456730438463637,
      "oracle": 0.014310573452277708,
      "random": 0.02679621311425251
    },
    "10": {
      "naive_bestfixed": 0.008300242689983861,
      "best_fixed_idx": 3,
      "probe_cos": 0.009245266179355838,
      "probe_l2": 0.008866641086932248,
      "oracle": 0.005694452193324651,
      "random": 0.020685571819015536
    },
    "11": {
      "naive_bestfixed": 0.012549188865477845,
      "best_fixed_idx": 3,
      "probe_cos": 0.014315034989103026,
      "probe_l2": 0.013179065687765501,