{
  "Q1": {
    "cos": {
      "spearman": [
        0.31488143552875697,
        0.30079428391858637,
        0.33025373614171044
      ],
      "top1": [
        0.3934219426406927,
        0.39007174140963197,
        0.3963499602610931
      ]
    },
    "l2": {
      "spearman": [
        0.3307225032531952,
        0.3167425893179241,
        0.34581773369859314
      ],
      "top1": [
        0.4210244182900433,
        0.4162904153138528,
        0.42569304230925314
      ]
    },
    "l1": {
      "spearman": [
        0.33095586364280555,
        0.3174352073630115,
        0.3457334520870375
      ],
      "top1": [
        0.4215283414502165,
        0.41732497970779214,
        0.42579439765963195
      ]
    }
  },
  "Q1_l2_minus_cos_sp": [
    0.015841067724438274,
    0.013505140189361732,
    0.01863943615443339
  ],
  "Q1_l2_minus_cos_top1": [
    0.02760247564935066,
    0.02345290939529224,
    0.031977834990530314
  ],
  "Q2": {
    "taylor": [
      0.021016288998138677,
      0.01745120459448975,
      0.024267019801217163
    ],
    "online": [
      0.02489187616120366,
      0.021425756940276576,
      0.028222421472120063
    ],
    "all": [
      0.02065778535611133,
      0.017356142861658017,
      0.023638371251539572
    ]
  },
  "Q2_taylor_minus_online": [
    -0.0038755871630649827,
    -0.005946205520727747,
    -0.001976964877923686
  ],
  "Q3": {
    "random": [
      0.0281056924839375,
      0.02475800281383596,
      0.031583005283909685
    ],
    "naive_bestfixed": [
      0.016446024892683653,
      0.013624527333153402,
      0.01907380551265336
    ],
    "probe_cos": [
      0.020669274484384676,
      0.01764422741001521,
      0.023523739511653104
    ],
    "probe_l2": [
      0.02065778535611133,
      0.017356142861658017,
      0.023638371251539572
    ],
    "oracle": [
      0.011159102073169317,
      0.009595150819434546,
      0.01256794521086612
    ]
  },
  "Q3_probeL2_minus_naive": [
    0.004211760463427676,
    0.002255022405509773,
    0.006206621055601014
  ],
  "Q3_naive_minus_oracle": [
    0.005286922819514335,
    0.003416836888273611,
    0.00730060500159606
  ],
  "Q3_probeL2_minus_oracle": [
    0.009498683282942011,
    0.007451762513253834,
    0.011391178076315518
  ]
}