{
  "1": [
    0.3336071090367966,
    0.31499019209956713,
    0.3545025872564935
  ],
  "2": [
    0.6827137445887446,
    0.6517623782467532,
    0.7083573457792207
  ],
  "3": [
    0.7315679112554113,
    0.7063758116883117,
    0.7548145799512986
  ],
  "6": [
    1.0,
    1.0,
    1.0
  ]
}